titulo,anio,genero,director,actores,poster,calificacion_imdb,votos_imdb,id_imdb,plot,tipo,fecha_extraccion
Robot Chicken: Star Wars III,2010,"Animation, Adventure, Comedy","Chris McKay, Seth Green","Seth Green, Abraham Benrubi, Bob Bergen",https://m.media-amazon.com/images/M/MV5BNzMwZWM1N2EtOTEwNC00ZTEyLTgyMGMtNGYyMDkyNDk1YTMxXkEyXkFqcGc@._V1_SX300.jpg,8.0,"4,898",tt1691338,The Emperor gets an upsetting phone call. George Lucas is saved from a mob of nerds by one helpful fan. Imperial officers learn how to survive Darth Vader in Orientation.,movie,2026-03-12T07:04:00.571466
Lego Marvel Avengers: Mission Demolition,2024,"Animation, Action, Adventure",Ken Cunningham,"Will Friedle, Kevin Smith, David Kaye",https://m.media-amazon.com/images/M/MV5BODA0YWY0NmQtMTU2Yi00MjA4LTk3MTktNDcwZDljOTgyMTdkXkEyXkFqcGc@._V1_SX300.jpg,6.3,490,tt33653255,"After battles, Damage Control cleans up messes. But when a villain targets the Avengers, an unlikely hero - a clumsy worker who breaks everything - might be Earth's only hope to become the hero he dreams of and save Earth's Heroes.",movie,2026-03-12T07:04:00.783927
A Walt Disney Christmas,1982,"Animation, Comedy, Family","Jack Hannah, Wilfred Jackson, Jack King, Hamilton Luske, Ben Sharpsteen","Frances Langford, Buddy Clark, Pinto Colvig, Walt Disney",https://m.media-amazon.com/images/M/MV5BZTQyODYzMTEtMjE3YS00NzUyLTg0YTItOTE4OTU4ZjIzMDdhXkEyXkFqcGdeQXVyMzU0NzkwMDg@._V1_SX300.jpg,7.7,259,tt0483445,This collection of six short films is an animated Christmas card from Disney.,movie,2026-03-12T07:04:01.027549
Marvel Studios' 2021 Disney+ Day Special,2021,"Documentary, Short",N/A,N/A,https://m.media-amazon.com/images/M/MV5BZTliM2ViNWUtZmMyOC00MjBiLTkyYTMtNTU4NzkxZWFmZGJmXkEyXkFqcGc@._V1_SX300.jpg,6.0,181,tt16045628,"Explore the Disney+ series of the MCU - past, present and future.",movie,2026-03-12T07:04:01.437090
Little Horror Movie,2018,"Horror, Mystery",Jérôme Cohen-Olivar,"Einar Kuusk, Rebecca Ramon, Aouatefe Lahmani",https://m.media-amazon.com/images/M/MV5BYmM4NzAwN2EtZTRhNy00ZGYyLTljNzEtZGY0OWM0N2FhYWEyXkEyXkFqcGc@._V1_SX300.jpg,4.1,"7,431",tt3692082,"Three You tubers struggling to get more views on their adventure channel, travel to the mythical city of Casablanca, unaware that it hides a terrifying secret.",movie,2026-03-12T07:04:01.677280
Batman: The Movie,1966,"Action, Adventure, Comedy",Leslie H. Martinson,"Adam West, Burt Ward, Lee Meriwether",https://m.media-amazon.com/images/M/MV5BNzEyYWZjNTAtNGRhZi00ZjFiLTlhYmQtNzhhYzJiZmMwNGI1XkEyXkFqcGc@._V1_SX300.jpg,6.5,"37,275",tt0060153,The Dynamic Duo face four super-villains who plan to hold the world for ransom with the help of a secret invention that instantly dehydrates people.,movie,2026-03-12T07:04:01.935127
Batman: Gotham Knight,2008,"Animation, Action, Crime, Sci-Fi, Thriller","Yasuhiro Aoki, Futoshi Higashide, Toshiyuki Kubooka, Hiroshi Morioka, Jong-Sik Nam, Shôjirô Nishimi, Yûichirô Hayashi(co-director)","Kevin Conroy, Jason Marsden, Scott Menville, George Newbern",https://m.media-amazon.com/images/M/MV5BM2I0YTFjOTUtMWYzNC00ZTgyLTk2NWEtMmE3N2VlYjEwN2JlXkEyXkFqcGdeQXVyNTAyODkwOQ@@._V1_SX300.jpg,6.7,"26,890",tt1117563,A collection of key events mark Bruce Wayne's life as he journeys from beginner to Dark Knight.,movie,2026-03-12T07:04:02.183334
The Crack: Inception,2019,Drama,José Luis Garci,"Carlos Santos, Miguel Ángel Muñoz, Luisa Gavasa",https://m.media-amazon.com/images/M/MV5BZTc4MDliNjAtYmU4YS00NmQzLWEwNjktYTQ2MGFjNDc5MDhlXkEyXkFqcGc@._V1_SX300.jpg,6.6,914,tt6793710,"In this prequel, Germán Areta leaves his position as a policeman to become a private detective in post-Francoist Spain.",movie,2026-03-12T07:04:02.476342
The Muppets at Walt Disney World,1990,"Comedy, Family, Music",Peter Harris,"Charles Grodin, Raven-Symoné, Jim Henson, Frank Oz",N/A,7.7,264,tt0244084,Kermit and his friends tour the theme park as the future members of the Disney family.,movie,2026-03-12T07:04:02.699104
The Comedy of Terrors,1963,"Comedy, Horror",Jacques Tourneur,"Vincent Price, Peter Lorre, Boris Karloff",https://m.media-amazon.com/images/M/MV5BNDlkNzNlYzUtZjU2Mi00MTkxLThlYzgtMzk0YWM5MWJiNjdkXkEyXkFqcGc@._V1_SX300.jpg,6.5,"7,334",tt0056943,Dishonest undertaker Waldo Trumbull and his sidekick Felix Gillie are creating their own customers when they cannot find willing ones.,movie,2026-03-12T07:04:02.962827
Star Wars: Episode IV - A New Hope,1977,"Action, Adventure, Fantasy",George Lucas,"Mark Hamill, Harrison Ford, Carrie Fisher",https://m.media-amazon.com/images/M/MV5BOGUwMDk0Y2MtNjBlNi00NmRiLTk2MWYtMGMyMDlhYmI4ZDBjXkEyXkFqcGc@._V1_SX300.jpg,8.6,"1,555,851",tt0076759,"Luke Skywalker joins forces with a Jedi Knight, a cocky pilot, a Wookiee and two droids to save the galaxy from the Empire's world-destroying battle station, while also attempting to rescue Princess Leia from the mysterious Darth ...",movie,2026-03-12T07:04:05.309612
"Ebirah, Horror of the Deep",1966,"Adventure, Fantasy, Sci-Fi",Jun Fukuda,"Akira Takarada, Kumi Mizuno, Chôtarô Tôgin",https://m.media-amazon.com/images/M/MV5BYjdiNzA4MWYtODY4NC00NmRiLWIyZDEtYjIxZWNlMWMxODAxXkEyXkFqcGc@._V1_SX300.jpg,5.5,"6,790",tt0060464,"Four men searching for one's brother are shipwrecked on Letchi Island, where a terrorist organization developing nuclear weapons have enslaved the natives of Infant Island and command monstrous crustacean named Ebirah.",movie,2026-03-12T07:04:05.522150
The Avengers,1998,"Action, Adventure, Sci-Fi",Jeremiah S. Chechik,"Ralph Fiennes, Uma Thurman, Sean Connery",https://m.media-amazon.com/images/M/MV5BZTA4ZmZlZWQtZDRlYS00ZWZhLTk0MzEtYjExMGIzMTBlZDNlXkEyXkFqcGc@._V1_SX300.jpg,3.8,"46,537",tt0118661,Two British Agents team up to stop Sir August de Wynter from destroying the world with a weather-changing machine.,movie,2026-03-12T07:04:05.764756
Inception: In 60 Seconds,2013,"Short, Comedy","Nadav Elovic, Ben Oringer","Nadav Elovic, Omer Goldberg, Ben Oringer",N/A,5.8,19,tt3262402,N/A,movie,2026-03-12T07:04:05.992543
Nosferatu: A Symphony of Horror,1922,"Fantasy, Horror",F.W. Murnau,"Max Schreck, Alexander Granach, Gustav von Wangenheim",https://m.media-amazon.com/images/M/MV5BNDg1OTI1M2MtMTVlMS00ZjFhLTgyMTAtYjIzOWUwZTkyZWE5XkEyXkFqcGc@._V1_SX300.jpg,7.8,"120,332",tt0013442,Vampire Count Orlok expresses interest in a new residence and real estate agent Hutter's wife.,movie,2026-03-12T07:04:06.192796
The Dunwich Horror,1970,Horror,Daniel Haller,"Sandra Dee, Dean Stockwell, Ed Begley",https://m.media-amazon.com/images/M/MV5BMTRmMmExOWYtMjQwNy00Y2ZhLTlmZTYtZmVmMzYyYmMwY2JiXkEyXkFqcGc@._V1_SX300.jpg,5.4,"5,537",tt0065669,"Wilbur Whateley travels to the Arkham Miskatonic University to borrow the legendary Necronomicon. But, little does anyone know, Whateley isn't quite human...",movie,2026-03-12T07:04:06.406704
Marvel One-Shot: Agent Carter,2013,"Short, Action, Adventure, Sci-Fi",Louis D'Esposito,"Hayley Atwell, Bradley Whitford, Dominic Cooper, Tim Trobec",https://m.media-amazon.com/images/M/MV5BZDIwZTM4M2QtMWFhYy00N2VmLWFlMjItMzI3NjBjYTc0OTMxXkEyXkFqcGdeQXVyNTE1NjY5Mg@@._V1_SX300.jpg,7.6,"8,222",tt3067038,"Frustrated at being marginalized at work, Peggy Carter goes on an unauthorized solo field mission.",movie,2026-03-12T07:04:06.622314
A Disney Channel Christmas!!!!,1983,"Animation, Family, Fantasy",N/A,Eddie Carroll,https://m.media-amazon.com/images/M/MV5BMTk0NTI0OTA5NV5BMl5BanBnXkFtZTcwMzQwODIyMQ@@._V1_SX300.jpg,7.5,194,tt0301475,N/A,movie,2026-03-12T07:04:06.888780
Star Wars: Episode VIII - The Last Jedi,2017,"Action, Adventure, Fantasy",Rian Johnson,"Daisy Ridley, John Boyega, Mark Hamill",https://m.media-amazon.com/images/M/MV5BMjQ1MzcxNjg4N15BMl5BanBnXkFtZTgwNzgwMjY4MzI@._V1_SX300.jpg,6.8,"714,411",tt2527336,Rey develops her abilities with the help of Luke Skywalker as the Resistance prepares for battle against the First Order.,movie,2026-03-12T07:04:07.112357
Avengers: Endgame,2019,"Action, Adventure, Sci-Fi","Anthony Russo, Joe Russo","Robert Downey Jr., Chris Evans, Mark Ruffalo",https://m.media-amazon.com/images/M/MV5BMTc5MDE2ODcwNV5BMl5BanBnXkFtZTgwMzI2NzQ2NzM@._V1_SX300.jpg,8.4,"1,426,944",tt4154796,"After the devastating events of Avengers: Infinity War (2018), the universe is in ruins. With the help of remaining allies, the Avengers assemble once more in order to reverse Thanos' actions and restore balance to the universe.",movie,2026-03-12T07:04:07.342767
Batman: Assault on Arkham,2014,"Animation, Action, Adventure, Crime, Sci-Fi, Thriller","Jay Oliva, Ethan Spaulding","Kevin Conroy, Neal McDonough, Hynden Walch, Matthew Gray Gubler",https://m.media-amazon.com/images/M/MV5BZDU1ZGRiY2YtYmZjMi00ZDQwLWJjMWMtNzUwNDMwYjQ4ZTVhXkEyXkFqcGdeQXVyNTAyODkwOQ@@._V1_SX300.jpg,7.5,"31,970",tt3139086,Batman works desperately to find a bomb planted by the Joker while Amanda Waller hires her newly formed Suicide Squad to break into Arkham Asylum to recover vital information stolen by the Riddler.,movie,2026-03-12T07:04:07.564054
Inception (Sweded),2011,"Short, Comedy","Elisha Courts, Marco Duran, Joachim Pfefferkorn","Elisha Courts, Marco Duran, Mark Farmwald, Keaton Monger",N/A,N/A,N/A,tt2251371,"The film 'Be Kind, Rewind,' starring Jack Black and Mos Def, spawned an underground movement of amateur filmmakers who remake their favorite films using the sparsest of resources. In 2011, ...",movie,2026-03-12T07:04:07.798826
Looking for Comedy in the Muslim World,2005,Comedy,Albert Brooks,"Albert Brooks, Sheetal Sheth, John Carroll Lynch",https://m.media-amazon.com/images/M/MV5BMTg0MjM2NzI2OF5BMl5BanBnXkFtZTcwOTgwODYzMQ@@._V1_SX300.jpg,5.5,"3,455",tt0433116,"To improve its relations with Muslim countries, the United States government sends comedian Albert Brooks to south Asia to write a report on what makes followers of Islam laugh.",movie,2026-03-12T07:04:08.064044
Marvel One-Shot: Item 47,2012,"Short, Action, Sci-Fi",Louis D'Esposito,"Lizzy Caplan, Jesse Bradford, Maximiliano Hernández, Titus Welliver",https://m.media-amazon.com/images/M/MV5BMjNlMzAxNmQtOGEwZi00NTEyLWI0NWYtMTlhNmE2YTA3ZDVhXkEyXkFqcGdeQXVyNTE1NjY5Mg@@._V1_SX300.jpg,6.7,"8,046",tt2247732,SHIELD agent Sitwell is assigned to recover an abandoned Chitauri weapon being used by a young couple robbing a bank.,movie,2026-03-12T07:04:08.296244
LEGO Marvel Super Heroes - Guardians of the Galaxy: The Thanos Threat,2017,"Animation, Short, Action",Michael D. Black,"Jonathan Adams, Trevor Devall, Will Friedle",https://m.media-amazon.com/images/M/MV5BNzRlM2M1ZWQtNmNmMS00MDFlLWFiOTctMTc2OTk3ZWFjZTI5XkEyXkFqcGc@._V1_SX300.jpg,5.8,628,tt7387224,"The Guardians of the Galaxy on another adventure, but this time they are LEGO's!",movie,2026-03-12T07:04:08.525322
Batman: Mask of the Phantasm,1993,"Animation, Action, Adventure","Kevin Altieri, Boyd Kirkland, Frank Paur","Kevin Conroy, Dana Delany, Hart Bochner",https://m.media-amazon.com/images/M/MV5BYjYwN2ZmZWYtMTdlNC00ZDQxLWEyNmUtZDI5Yjk5MzQ2N2Y3XkEyXkFqcGc@._V1_SX300.jpg,7.8,"62,252",tt0106364,Batman is wrongly implicated in a series of murders of mob bosses actually committed by a new vigilante assassin.,movie,2026-03-12T07:04:08.767045
Walt Disney Animation Studios Short Films Collection,2015,"Animation, Adventure, Comedy, Family","Roger Allers, Mark Henn, Lauren MacMullan","Paul Briggs, Alan Dale, Bill Farmer, Jack Goldenberg",https://m.media-amazon.com/images/M/MV5BYTdkYjkyMzgtMjQyOC00ZmNiLTg1OTAtNzJhY2MyNjlmM2M5XkEyXkFqcGdeQXVyNDgyODgxNjE@._V1_SX300.jpg,7.7,726,tt6181728,"A series of superb animated short films, created by the brilliant minds at Disney Animated Studios, and narrated by the executive staff.",movie,2026-03-12T07:04:09.009733
The Disney Holiday Singalong,2020,"Family, Music, Musical","Hamish Hamilton, James B. Merryman","Ryan Seacrest, Andrea Bocelli, Caroline Bowman",https://m.media-amazon.com/images/M/MV5BMTI4ZWU1ODItYzMyYy00ZmE4LTllZTAtMTAwNTgzY2Q1ZGVhXkEyXkFqcGc@._V1_SX300.jpg,5.9,211,tt13392122,N/A,movie,2026-03-12T07:04:09.265955
InAPPropriate Comedy,2013,Comedy,Vince Offer,"Adrien Brody, Lindsay Lohan, Michelle Rodriguez",https://m.media-amazon.com/images/M/MV5BMTQ3NzAyMDUyOF5BMl5BanBnXkFtZTcwMDMzMDM5OA@@._V1_SX300.jpg,2.7,"4,824",tt1754811,"In this comedy film, a computer tablet full of the world's most hilariously offensive apps breaks through the borders of political correctness, stirring up cultural anarchy.",movie,2026-03-12T07:04:09.487422
Disney+ Izlerken Dikkat,2023,Short,N/A,"Engin Akyürek, Cansu Dere, Asli Enver",https://m.media-amazon.com/images/M/MV5BNDA2ZGI1MDAtZmYwOS00MjQyLTkzZWYtZGY5OTQ0MTI2MWQ4XkEyXkFqcGc@._V1_SX300.jpg,N/A,297,tt39051772,N/A,movie,2026-03-12T07:04:09.744359
Horror Express,1972,"Adventure, Horror, Sci-Fi",Eugenio Martín,"Christopher Lee, Peter Cushing, Alberto de Mendoza",https://m.media-amazon.com/images/M/MV5BMWY4MzczOWUtYTdlYS00MjNlLTg1ODEtYjkzOTY0MTNmZmEyXkEyXkFqcGc@._V1_SX300.jpg,6.5,"13,285",tt0068713,"While on the Trans-Siberian Express, an anthropologist and his rival must contain the threat posed by the former's cargo: a prehistoric ape which is the host for a parasitic life-form.",movie,2026-03-12T07:04:10.040915
Adventures of Captain Marvel,1941,"Action, Adventure, Family","John English, William Witney","Tom Tyler, Frank Coghlan Jr., William 'Billy' Benedict",https://m.media-amazon.com/images/M/MV5BYjBhMzQ5NWUtMDQ3Yi00N2JiLWIxMjQtYmZkMjFhYTQ4MDExXkEyXkFqcGc@._V1_SX300.jpg,7.2,"1,572",tt0033317,"To protect a magic talisman from being used for evil, a teenage boy named Billy Batson is given the power to become an adult superhero, Captain Marvel, with a single magic word: ""Shazam!""",movie,2026-03-12T07:04:10.274289
Ultimate Avengers II,2006,"Animation, Action, Adventure, Sci-Fi","Will Meugniot, Dick Sebast, Bob Richardson","Justin Gross, Grey Griffin, Michael Massee, Marc Worden",https://m.media-amazon.com/images/M/MV5BZjI3MTI5ZTYtZmNmNy00OGZmLTlhNWMtNjZiYmYzNDhlOGRkL2ltYWdlL2ltYWdlXkEyXkFqcGdeQXVyNTAyODkwOQ@@._V1_SX300.jpg,6.6,"8,790",tt0803093,"When the Chitauri invaders are sighted in the African kingdom of Wakanda, the Avengers covertly enter the advanced nation to investigate.",movie,2026-03-12T07:04:10.528586
Marvel One-Shot: All Hail the King,2014,"Short, Action, Sci-Fi",Drew Pearce,"Ben Kingsley, Scoot McNairy, Lester Speight, Sam Rockwell",https://m.media-amazon.com/images/M/MV5BZGFkMTZkMDQtNzM4Yy00YWEwLTkzOWEtZTMyNDRlNmJhYWJhXkEyXkFqcGdeQXVyNTE1NjY5Mg@@._V1_SX300.jpg,7.4,"8,120",tt3438640,A documentary filmmaker interviews the now-famous Trevor Slattery from behind bars.,movie,2026-03-12T07:04:10.762113
Inception,2010,"Action, Adventure, Sci-Fi",Christopher Nolan,"Leonardo DiCaprio, Joseph Gordon-Levitt, Elliot Page",https://m.media-amazon.com/images/M/MV5BMjAxMzY3NjcxNF5BMl5BanBnXkFtZTcwNTI5OTM0Mw@@._V1_SX300.jpg,8.8,"2,793,322",tt1375666,"A thief who steals corporate secrets through the use of dream-sharing technology is given the inverse task of planting an idea into the mind of a CEO, but his tragic past may doom the project and his team to disaster.",movie,2026-03-12T07:04:11.053954
Batman: The Killing Joke,2016,"Animation, Action, Crime",Sam Liu,"Kevin Conroy, Mark Hamill, Tara Strong",https://m.media-amazon.com/images/M/MV5BMzJiZTJmNGItYTUwNy00ZWE2LWJlMTgtZjJkNzY1OTRiNTZlXkEyXkFqcGc@._V1_SX300.jpg,6.4,"64,689",tt4853102,"As Batman hunts for the escaped Joker, the Clown Prince of Crime attacks the Gordon family to prove a diabolical point mirroring his own fall into madness.",movie,2026-03-12T07:04:11.343106
Batman & Robin,1997,"Action, Sci-Fi",Joel Schumacher,"Arnold Schwarzenegger, George Clooney, Chris O'Donnell",https://m.media-amazon.com/images/M/MV5BYzU3ZjE3M2UtM2E4Ni00MDI5LTkyZGUtOTFkMGIyYjNjZGU3XkEyXkFqcGc@._V1_SX300.jpg,3.8,"281,257",tt0118688,Batman and Robin try to keep their relationship together even as they must stop Mr. Freeze and Poison Ivy from freezing Gotham City.,movie,2026-03-12T07:04:11.563020
Batman v Superman: Dawn of Justice,2016,"Action, Adventure, Sci-Fi",Zack Snyder,"Ben Affleck, Henry Cavill, Amy Adams",https://m.media-amazon.com/images/M/MV5BZTJkYjdmYjYtOGMyNC00ZGU1LThkY2ItYTc1OTVlMmE2YWY1XkEyXkFqcGc@._V1_SX300.jpg,6.4,"788,416",tt2975590,Batman is manipulated by Lex Luthor to fear Superman. Superman´s existence is meanwhile dividing the world and he is framed for murder during an international crisis. The heroes clash and force the neutral Wonder Woman to reemerge.,movie,2026-03-12T07:04:11.868961
Avengers Grimm,2015,"Action, Adventure, Fantasy, Sci-Fi",Jeremy M. Inman,"Casper Van Dien, Lauren Parkinson, Lou Ferrigno, Milynn Sarley",https://m.media-amazon.com/images/M/MV5BMTg5NDEzNDIyOV5BMl5BanBnXkFtZTgwODY3ODA5MzE@._V1_SX300.jpg,2.7,"2,280",tt4296026,"When Rumpelstiltskin destroys the Magic Mirror and escapes to the modern world, the four princesses of ""Once Upon a Time""-Cinderella, Sleeping Beauty, Snow White, and Rapunzel-are sucked ...",movie,2026-03-12T07:04:12.137476
The Lego Batman Movie,2017,"Animation, Action, Adventure",Chris McKay,"Will Arnett, Michael Cera, Rosario Dawson",https://m.media-amazon.com/images/M/MV5BMTcyNTEyOTY0M15BMl5BanBnXkFtZTgwOTAyNzU3MDI@._V1_SX300.jpg,7.3,"190,619",tt4116284,"A cooler-than-ever Bruce Wayne must deal with the usual suspects as they plan to rule Gotham City, while discovering that he has accidentally adopted a teenage orphan who wishes to become his sidekick.",movie,2026-03-12T07:04:12.480567
Insha Allah - An inception at closure,2019,Drama,"S.P.P. Bhaskaran, Spp Bhaskaran","Menaga, Mohan",https://m.media-amazon.com/images/M/MV5BM2VmM2MzMTctNTRhZi00YzU1LTkyM2MtY2VkYTAwYzk4ZmM1XkEyXkFqcGdeQXVyMTExNzAyMjc5._V1_SX300.jpg,N/A,11,tt11224722,'Insha Allah' The movie takes you along to experience the domestic life of Muslim Blue collar workers.,movie,2026-03-12T07:04:12.706444
Amityville Horror: The Evil Escapes,1989,Horror,Sandor Stern,"Patty Duke, Jane Wyatt, Fredric Lehne",https://m.media-amazon.com/images/M/MV5BOWNkNGE1NzMtMThhZS00OWY5LWJjMDMtNzcyNjRkMTQ4MDBlXkEyXkFqcGc@._V1_SX300.jpg,4.4,"3,957",tt0096808,"The demonic forces in the Amityville house transfer to an ancient lamp, which finds its way to a remote California mansion where the evil manipulates a little girl by manifesting itself in the form of her dead father.",movie,2026-03-12T07:04:13.076824
Crippled Avengers,1978,"Action, Drama",Cheh Chang,"Chen Kuan-Tai, Feng Lu, Phillip Chung-Fung Kwok",https://m.media-amazon.com/images/M/MV5BYjU2ODU5NzMtMzQ2NC00MmI5LWI1NjMtNmRmMjMzOTMxNWZhXkEyXkFqcGc@._V1_SX300.jpg,7.3,"3,235",tt0077292,"Three men who have been physically disabled by a vindictive martial arts master and his physically-disabled son ally together and learn kung fu from an elderly martial-artist and his mentally-disabled pupil, so they can avenge the...",movie,2026-03-12T07:04:13.317160
The Avengers,1942,"Drama, War",Harold French,"Hugh Williams, Griffith Jones, Deborah Kerr",https://m.media-amazon.com/images/M/MV5BODU2MjQ3ZjItYzRhOC00NDFjLTk4OTUtYTkxYmZhMjVhNTEzXkEyXkFqcGc@._V1_SX300.jpg,6.1,610,tt0034639,"A British journalist working in Norway during WWII finds himself hunted by the Germans when he's tasked with a secret combat mission, while the daughter of a Norwegian sea captain helps the Brits combat the Nazi menace.",movie,2026-03-12T07:04:13.589244
The Broken Hearts Club: A Romantic Comedy,2000,"Comedy, Drama, Romance",Greg Berlanti,"Timothy Olyphant, Dean Cain, Zach Braff",https://m.media-amazon.com/images/M/MV5BN2UxYTIxYTMtZTc2Yi00NDljLWJhMTctZGRmZjgxOWM2YWI5XkEyXkFqcGc@._V1_SX300.jpg,6.9,"8,293",tt0222850,An insight into the turbulent lives and loves of a gay clique based in Los Angeles.,movie,2026-03-12T07:04:13.813223
Robot Chicken: Star Wars Episode II,2008,"Animation, Short, Action",Seth Green,"Seth Green, Abraham Benrubi, Bob Bergen",https://m.media-amazon.com/images/M/MV5BNTBhYjNhYTItYTM3YS00OTk3LTljNDItNzM3OTBiNWNmYzFhXkEyXkFqcGc@._V1_SX300.jpg,8.0,"5,236",tt1334272,The second of three Star Wars themed Robot Chicken parodies.,movie,2026-03-12T07:04:14.039699
Return to Horror High,1987,"Comedy, Horror",Bill Froehlich,"Lori Lethin, Brendan Hughes, Alex Rocco",https://m.media-amazon.com/images/M/MV5BYjM0ZjJjNDctM2IwMC00MzNkLWFlMWQtMGMzNmI1N2JmOTg0XkEyXkFqcGc@._V1_SX300.jpg,4.3,"3,911",tt0093854,"In the early 1980s, a series of gruesome murders occurred at Crippen High School. A few years later, a film crew uses the now-abandoned Crippen High as the set for a film. But an uninvited guest makes an appearance on the set.",movie,2026-03-12T07:04:14.313243
Batman,1989,"Action, Adventure",Tim Burton,"Michael Keaton, Jack Nicholson, Kim Basinger",https://m.media-amazon.com/images/M/MV5BYzZmZWViM2EtNzhlMi00NzBlLWE0MWEtZDFjMjk3YjIyNTBhXkEyXkFqcGc@._V1_SX300.jpg,7.5,"429,189",tt0096895,"The Dark Knight of Gotham City begins his war on crime with his first major enemy being Jack Napier, a criminal who becomes the clownishly homicidal Joker.",movie,2026-03-12T07:04:14.570010
Star Wars: Episode I - The Phantom Menace,1999,"Action, Adventure, Fantasy",George Lucas,"Ewan McGregor, Liam Neeson, Natalie Portman",https://m.media-amazon.com/images/M/MV5BODVhNGIxOGItYWNlMi00YTA0LWI3NTctZmQxZGUwZDEyZWI4XkEyXkFqcGc@._V1_SX300.jpg,6.5,"917,424",tt0120915,"Two Jedi escape a hostile blockade to find allies and come across a young boy who may bring balance to the Force, but the long-dormant Sith resurface to claim their former glory.",movie,2026-03-12T07:04:14.817244
The Star Wars Holiday Special,1978,"Adventure, Family, Musical","Steve Binder, David Acomba","Mickey Morton, Patty Maloney, Paul Gale",https://m.media-amazon.com/images/M/MV5BNmNiNmFlOTEtZmUwNi00M2M2LWI2OTctOTQ1ZjFmNmRlOWVlXkEyXkFqcGc@._V1_SX300.jpg,2.2,"17,949",tt0193524,"Chewbacca and Han Solo try to get to the Wookiee homeworld of Kashyyyk to celebrate Life Day, but are impeded by an Imperial blockade. Chewie's family passes the time with various forms of entertainment.",movie,2026-03-12T07:04:15.029761
The Comedy,2012,"Comedy, Drama",Rick Alverson,"Tim Heidecker, Eric Wareheim, James Murphy",https://m.media-amazon.com/images/M/MV5BMjA0OTA3ODU4M15BMl5BanBnXkFtZTcwNDY3NTM1OA@@._V1_SX300.jpg,6.3,"5,443",tt2112293,"Indifferent to the notion of inheriting his father's estate, a restless, aging New Yorker passes time with his friends in games of mock sincerity and irreverence.",movie,2026-03-12T07:04:15.263832
Batman: Year One,2011,"Animation, Action, Crime, Drama, Thriller","Sam Liu, Lauren Montgomery","Bryan Cranston, Ben McKenzie, Eliza Dushku, Jon Polito",https://m.media-amazon.com/images/M/MV5BNTJjMmVkZjctNjNjMS00ZmI2LTlmYWEtOWNiYmQxYjY0YWVhXkEyXkFqcGdeQXVyNTAyODkwOQ@@._V1_SX300.jpg,7.4,"32,117",tt1672723,A wealthy playboy and a Chicago cop both return to Gotham City where their lives will intersect in unexpected ways.,movie,2026-03-12T07:04:15.536898
The Amityville Horror,2005,Horror,Andrew Douglas,"Ryan Reynolds, Melissa George, Jimmy Bennett",https://m.media-amazon.com/images/M/MV5BMzc1Njc2NDc3NV5BMl5BanBnXkFtZTYwODYyNzI3._V1_SX300.jpg,5.9,"121,556",tt0384806,Newlyweds are terrorized by demonic forces after moving into a large house that was the site of a grisly mass murder a year before.,movie,2026-03-12T07:04:15.750797
Avengers Confidential: Black Widow & Punisher,2014,"Animation, Action, Adventure, Family, Sci-Fi",Kenichi Shimizu,"Jennifer Carpenter, Brian Bloom, John Eric Bentley, Grant George",https://m.media-amazon.com/images/M/MV5BMTU2MDg0Njk4MF5BMl5BanBnXkFtZTgwMTY0OTIyMTE@._V1_SX300.jpg,5.8,"4,067",tt3482378,"After interfering with a top secret mission, THE PUNISHER is taken into custody by S.H.I.E.L.D. AGENT and AVENGER, BLACK WIDOW. At the orders of Director Nick Fury, Punisher and Black Widow...",movie,2026-03-12T07:04:15.991995
Masked Avengers,1981,"Action, Drama",Cheh Chang,"Phillip Chung-Fung Kwok, Siu-Ho Chin, Sheng Chiang",https://m.media-amazon.com/images/M/MV5BNjQ4OGU4MTEtM2E5Ny00YTI3LTkzODgtNmFhZjEwOGRmZjc0XkEyXkFqcGc@._V1_SX300.jpg,7.0,845,tt0082153,"The masked gang have created a menace, killing many people, now it is up to Philp who once worked for the masked gang to destroy them.",movie,2026-03-12T07:04:16.228119
The Disney Family Singalong Volume 2,2020,"Family, Music, Musical","Hamish Hamilton, James B. Merryman","Christina Aguilera, Lindsay Arnold, Bill Barretta",https://m.media-amazon.com/images/M/MV5BMzRkNjU0NDktMTA2NC00ZjhkLTg3ZTQtMDc5MmI2OWU2OWExXkEyXkFqcGc@._V1_SX300.jpg,7.4,190,tt12249388,"Ryan Seacrest hosts the second Disney Family Singalong featuring celebrities and their families as they take on their favorite Disney tunes from their homes. Special guests include John Legend, Christina Aguilera, Shakira, and Kat...",movie,2026-03-12T07:04:16.487052
Batman Returns,1992,"Action, Crime, Fantasy",Tim Burton,"Michael Keaton, Danny DeVito, Michelle Pfeiffer",https://m.media-amazon.com/images/M/MV5BZTliMDVkYTktZDdlMS00NTAwLWJhNzYtMWIwMDZjN2ViMGFiXkEyXkFqcGc@._V1_SX300.jpg,7.1,"348,538",tt0103776,"While Batman deals with a deformed man calling himself the Penguin wreaking havoc across Gotham with the help of a cruel businessman, a female employee of the latter becomes the Catwoman with her own vendetta.",movie,2026-03-12T07:04:16.712412
Teenage Alien Avengers,1999,Sci-Fi,David DeCoteau,"Josh Hammond, Danielle Hoover, Michele Nordin",https://m.media-amazon.com/images/M/MV5BMjBhN2M1ZWMtZjI1My00OTQ5LWEyMmEtNGM2NzU4NDRlMWYxXkEyXkFqcGc@._V1_SX300.jpg,3.4,354,tt0200421,"Two nerdish high school students turn into high-tech superheroes when they accidentally stumble onto a hidden cache of alien armor and weaponry in the school's basement. What will they do, though, when the extraterrestrial treasur...",movie,2026-03-12T07:04:16.927731
On Inception (TOI and MOI),2011,Short,Alex Sebastian Laibach,"Can Babatas, Liem Duong, Alex Sebastian Laibach",N/A,8.9,8,tt4341988,"The film features interviews on Christopher Nolan's ""Inception"" and its Academy nominations just a few days before the awards.",movie,2026-03-12T07:04:17.169636
The Disney Family Singalong,2020,"Family, Music, Musical","Hamish Hamilton, James B. Merryman","Christina Aguilera, Erin Andrews, Joshua Bassett",https://m.media-amazon.com/images/M/MV5BNjQ2MDA2ZDUtZGJhZi00N2FjLWIyNjAtODFkOTkwNDRiYmRhXkEyXkFqcGdeQXVyMTAwMzM3NDI3._V1_SX300.jpg,7.7,339,tt12131604,Ryan Seacrest hosts a nationwide singalong event featuring celebrities and their families as they take on their favorite Disney tunes from their homes; onscreen lyrics allow viewers to sing along.,movie,2026-03-12T07:04:17.427330
Inception of a lost Art,2013,"Drama, Mystery, Thriller",Tushar Tyagi,"Alexia Jordan, Philip Lombardo",https://m.media-amazon.com/images/M/MV5BYjYzZjE2ZDktMWU3MS00OGY0LTg4YTEtODZiYzcwY2U0YWUzXkEyXkFqcGc@._V1_SX300.jpg,N/A,N/A,tt3563778,"A mysterious man of a certain age, challenges a woman to his art. A world very much unseen, is only answered by the beginning of like-minded thoughts.",movie,2026-03-12T07:04:17.689309
Sex Is Comedy,2002,"Comedy, Drama, Romance",Catherine Breillat,"Anne Parillaud, Grégoire Colin, Roxane Mesquida",https://m.media-amazon.com/images/M/MV5BY2E0NWJmYzEtNGM3NC00YThhLThjMTEtYjBlMDQwMWFjZjM4XkEyXkFqcGc@._V1_SX300.jpg,5.6,"3,092",tt0304678,"A director struggles to film a difficult, intimate sex scene between two actors who happen to hate each other.",movie,2026-03-12T07:04:17.936459
A Classic Horror Story,2021,"Drama, Horror, Mystery","Roberto De Feo, Paolo Strippoli","Matilda Lutz, Francesco Russo, Peppino Mazzotta",https://m.media-amazon.com/images/M/MV5BYTg5ZDgxNDAtMzFkNS00M2UwLWI4N2EtOTczYjM0MjYwZDRjXkEyXkFqcGc@._V1_SX300.jpg,5.7,"23,310",tt12877640,"In this gruesome suspense film, strangers traveling in southern Italy become stranded in the woods, where they must fight desperately to get out alive.",movie,2026-03-12T07:04:18.205346
The Story of Frozen: Making a Disney Animated Classic,2014,"Documentary, Family",Rudy Bednar,"Kristen Anderson-Lopez, Kristen Bell, Rebecca Wilson Bresee",https://m.media-amazon.com/images/M/MV5BMTk0NjAzNjg4NF5BMl5BanBnXkFtZTgwNDQ3NjIwMzE@._V1_SX300.jpg,8.0,567,tt4007494,A behind-the-scene look at the origins and evolution of the Academy Award-winning film.,movie,2026-03-12T07:04:18.422115
Avengers: Age of Ultron,2015,"Action, Adventure, Sci-Fi",Joss Whedon,"Robert Downey Jr., Chris Evans, Mark Ruffalo",https://m.media-amazon.com/images/M/MV5BODBhYTg1NGQtNGVmNS00ZTdiLThjYTYtZDFkNzRiNTZmNDZjXkEyXkFqcGc@._V1_SX300.jpg,7.3,"992,968",tt2395427,"When Tony Stark and Bruce Banner try to jump-start a dormant peacekeeping program called Ultron, things go horribly wrong and it's up to Earth's mightiest heroes to stop the villainous Ultron from enacting his terrible plan.",movie,2026-03-12T07:04:18.663879
Star Wars: Episode IX - The Rise of Skywalker,2019,"Action, Adventure, Fantasy",J.J. Abrams,"Daisy Ridley, John Boyega, Oscar Isaac",https://m.media-amazon.com/images/M/MV5BODg5ZTNmMTUtYThlNy00NjljLWE0MGUtYmQ1NDg4NWU5MjQ1XkEyXkFqcGc@._V1_SX300.jpg,6.3,"536,918",tt2527338,The surviving Resistance faces the First Order once again.,movie,2026-03-12T07:04:18.886935
Comedy Central Roast of Justin Bieber,2015,Comedy,N/A,"Justin Bieber, Kevin Hart, Martha Stewart",https://m.media-amazon.com/images/M/MV5BMjQ3MjJkMTEtNGYzNC00MmJlLWJkNDItNmYyYmM1N2NjZDUyXkEyXkFqcGdeQXVyMTk3NDAwMzI@._V1_SX300.jpg,7.3,"3,874",tt4504452,"Several roasters, and the master himself Kevin Hart, make fun of Justin Bieber.",movie,2026-03-12T07:04:19.104598
Lego Star Wars Terrifying Tales,2021,"Animation, Action, Adventure",Ken Cunningham,"A.J. LoCascio, Barbara Goodson, Christian Slater",https://m.media-amazon.com/images/M/MV5BOGRiYWEzZjctMTMzMi00M2VhLWEzZDItNDIyOTVkZjBkNTI0XkEyXkFqcGc@._V1_SX300.jpg,6.1,"3,083",tt15164924,"Dean, Poe and BB-8 must face their fears, stop an ancient evil from rising, and escape to make it back to their friends.",movie,2026-03-12T07:04:19.346560
A Christmas Horror Story,2015,"Fantasy, Horror, Mystery","Grant Harvey, Steven Hoban, Brett Sullivan","William Shatner, George Buza, Rob Archer",https://m.media-amazon.com/images/M/MV5BODg3NTAwNzk5M15BMl5BanBnXkFtZTgwNjA4OTE3MDI@._V1_SX300.jpg,5.8,"13,141",tt3688406,"Interwoven stories that take place on Christmas Eve, as told by one festive radio host: A family brings home more than a Christmas tree, a student documentary becomes a living nightmare, a Christmas spirit terrorizes, Santa slays ...",movie,2026-03-12T07:04:19.596438
Deadpool The Musical 2 - Ultimate Disney Parody,2018,"Short, Musical",Julian Higgins,"Michael S. Parker, Sheila Collins, Vic Mignogna",https://m.media-amazon.com/images/M/MV5BOGUwMmM3MDItNTVlYS00NTE2LWE5NmItMTk1ZTQxODhlYjZkXkEyXkFqcGc@._V1_SX300.jpg,8.5,213,tt8686240,"That ""Merc with a Mouth"" just can't. stop. singing. Join the R-rated, NSFW musical mayhem as our singing hero, Deadpool, slays his way through a series of Disney songs and superhero teams, from the X-Men to the Avengers and more, ...",movie,2026-03-12T07:04:19.837580
Batman Forever,1995,"Action, Adventure",Joel Schumacher,"Val Kilmer, Tommy Lee Jones, Jim Carrey",https://m.media-amazon.com/images/M/MV5BMTUyNjJhZWItMTZkNS00NDc4LTllNjUtYTg3NjczMzA5ZTViXkEyXkFqcGc@._V1_SX300.jpg,5.5,"279,237",tt0112462,"Batman must battle former district attorney Harvey Dent, who is now Two-Face and Edward Nygma, The Riddler with help from an amorous psychologist and a young circus acrobat who becomes his sidekick, Robin.",movie,2026-03-12T07:04:20.098696
Star Wars: Episode V - The Empire Strikes Back,1980,"Action, Adventure, Fantasy",Irvin Kershner,"Mark Hamill, Harrison Ford, Carrie Fisher",https://m.media-amazon.com/images/M/MV5BMTkxNGFlNDktZmJkNC00MDdhLTg0MTEtZjZiYWI3MGE5NWIwXkEyXkFqcGc@._V1_SX300.jpg,8.7,"1,495,152",tt0080684,"After the Empire overpowers the Rebel Alliance, Luke Skywalker begins training with Jedi Master Yoda, while Darth Vader and bounty hunter Boba Fett pursue his friends across the galaxy.",movie,2026-03-12T07:04:20.326489
"Batman: The Dark Knight Returns, Part 2",2013,"Animation, Action, Crime, Drama, Horror, Sci-Fi, Thriller",Jay Oliva,"Peter Weller, Ariel Winter, Michael Emerson, David Selby",https://m.media-amazon.com/images/M/MV5BYTEzMmE0ZDYtYWNmYi00ZWM4LWJjOTUtYTE0ZmQyYWM3ZjA0XkEyXkFqcGdeQXVyNTA4NzY1MzY@._V1_SX300.jpg,8.4,"47,412",tt2166834,The Batman has returned after a 10-year absence. The Gotham authorities want to arrest him. An old foe wants a reunion. The Feds want the Man of Tomorrow to put a stop to him.,movie,2026-03-12T07:04:20.599924
The Last Horror Movie,2003,"Horror, Thriller",Julian Richards,"Kevin Howarth, Mark Stevenson, Antonia Beamish",https://m.media-amazon.com/images/M/MV5BOTI3NDcxNDM0Nl5BMl5BanBnXkFtZTgwNTA1NzAwMTE@._V1_SX300.jpg,5.5,"4,125",tt0319728,"A serial killer uses a horror video rental to lure his next victim. What begins as a teen slasher transforms into a disturbing journey through the mind of Max Parry, a mild mannered wedding photographer with a taste for human flesh.",movie,2026-03-12T07:04:20.833030
Horror of Dracula,1958,"Drama, Horror",Terence Fisher,"Peter Cushing, Christopher Lee, Michael Gough",https://m.media-amazon.com/images/M/MV5BNTQxZTQxYjUtZDg0Zi00ZGE2LWJlMzQtYWJhMjM2MTJmYTI1XkEyXkFqcGc@._V1_SX300.jpg,7.2,"30,954",tt0051554,"When Jonathan Harker rouses the ire of Count Dracula for accepting a job at the vampire's castle under false pretenses, his friend Dr. Van Helsing pursues the predatory villain.",movie,2026-03-12T07:04:21.064483
King of Comedy,1999,"Comedy, Drama, Romance","Stephen Chow, Lik-Chi Lee","Stephen Chow, Karen Mok, Cecilia Cheung",https://m.media-amazon.com/images/M/MV5BZGQ4MmNlMzctNTBkYS00Nzg5LWIxZjMtZDRjZWIwYjI2MjczXkEyXkFqcGc@._V1_SX300.jpg,7.2,"8,671",tt0188766,"A bar girl hires a struggling actor to give her acting lessons so that she can feign a greater interest in her customers. The longer they work together, the more they find they have in common.",movie,2026-03-12T07:04:21.320307
The Amityville Horror,1979,Horror,Stuart Rosenberg,"James Brolin, Margot Kidder, Rod Steiger",https://m.media-amazon.com/images/M/MV5BNWRmOTdhMWEtYmExOC00Y2E5LTkwYjEtYTAwY2Q0MTU0MTBlXkEyXkFqcGc@._V1_SX300.jpg,6.2,"48,373",tt0078767,Newlyweds and their children battle a demonic presence in their home.,movie,2026-03-12T07:04:21.537885
Comedy of Power,2006,Drama,Claude Chabrol,"Isabelle Huppert, François Berléand, Patrick Bruel",https://m.media-amazon.com/images/M/MV5BMDc5NWNlMTYtYmUyNS00YTI3LWJhYWItYmY0ZTAxNDc0YjA1XkEyXkFqcGc@._V1_SX300.jpg,6.3,"3,112",tt0463486,A magistrate investigates a corporate executive.,movie,2026-03-12T07:04:21.770751
The Original Kings of Comedy,2000,"Comedy, Documentary",Spike Lee,"Steve Harvey, D.L. Hughley, Cedric The Entertainer",https://m.media-amazon.com/images/M/MV5BOWQxY2Q5YzEtZDA5ZS00MWM1LThmYzEtYjQ0ZDhkOWUyZTVhXkEyXkFqcGc@._V1_SX300.jpg,6.8,"6,140",tt0236388,A concert film featuring four major African American stand up comedians.,movie,2026-03-12T07:04:22.018810
In Search of Darkness: A Journey Into Iconic '80s Horror,2019,"Documentary, History, Horror",David A. Weiner,"Tom Atkins, Doug Bradley, John Bloom",https://m.media-amazon.com/images/M/MV5BMjJhOGRiMDEtM2JhMi00YTZjLTk5ZjItYjUxMTEwOThiZjI3XkEyXkFqcGc@._V1_SX300.jpg,8.0,"4,269",tt9442842,"An exploration of '80s horror movies through the perspective of the actors, directors, producers and SFX craftspeople who made them, and their impact on contemporary cinema.",movie,2026-03-12T07:04:22.227739
The Underground Comedy Movie,1999,Comedy,Vince Offer,"Barbara Snellenburg, Rebekah Chaney, Gloria Sperling",https://m.media-amazon.com/images/M/MV5BMTlkZmYxM2ItY2VlNy00MzM4LWFmN2EtNTUzNzc4YTc4MDc2XkEyXkFqcGc@._V1_SX300.jpg,2.0,"2,766",tt0201290,A series of comedic short films guaranteed to offend.,movie,2026-03-12T07:04:22.479998
Tu Tengo: Victoria's Inception,2009,"Short, Action, Sci-Fi",David D'Anna,"Benjamin Allred, Rosalind Beard, Dinah Bradford",https://m.media-amazon.com/images/M/MV5BMzFmZmVkNWItMTU0OC00Y2QwLTlmYmItMDM5MTM3MmI2MWZjXkEyXkFqcGdeQXVyMTEyNjY4NTA@._V1_SX300.jpg,N/A,N/A,tt7329588,N/A,movie,2026-03-12T07:04:22.713491
The Vault of Horror,1973,"Horror, Thriller",Roy Ward Baker,"Curd Jürgens, Terry-Thomas, Tom Baker",https://m.media-amazon.com/images/M/MV5BODQzOGQzYmMtZTU4Ny00MjcwLWEyOTctNGQ0OWQxYTQ4ZjIwXkEyXkFqcGc@._V1_SX300.jpg,6.5,"6,426",tt0070868,An anthology of five horror stories shared by five men trapped in the basement of an office building.,movie,2026-03-12T07:04:24.218774
"Batman: The Dark Knight Returns, Part 1",2012,"Animation, Action, Crime, Drama, Thriller",Jay Oliva,"Peter Weller, Ariel Winter, David Selby, Wade Williams",https://m.media-amazon.com/images/M/MV5BMzIxMDkxNDM2M15BMl5BanBnXkFtZTcwMDA5ODY1OQ@@._V1_SX300.jpg,8.0,"54,214",tt2313197,"Batman has not been seen for ten years. A new breed of criminal ravages Gotham City, forcing 55-year-old Bruce Wayne back into the cape and cowl. But, does he still have what it takes to fight crime in a new era?",movie,2026-03-12T07:04:24.484338
Batman v Superman: Dawn of Justice (Ultimate Edition),2016,"Action, Adventure, Sci-Fi",Zack Snyder,"Amy Adams, Ben Affleck, Henry Cavill",https://m.media-amazon.com/images/M/MV5BOTRlNWQwM2ItNjkyZC00MGI3LThkYjktZmE5N2FlMzcyNTIyXkEyXkFqcGdeQXVyMTEyNzgwMDUw._V1_SX300.jpg,7.2,"74,123",tt18689424,Batman is manipulated by Lex Luthor to fear Superman. Superman´s existence is meanwhile dividing the world and he is framed for murder during an international crisis. The heroes clash and force the neutral Wonder Woman to reemerge.,movie,2026-03-12T07:04:24.701767
Lego Marvel Super Heroes: Avengers Reassembled,2015,"Animation, Short, Action",Rob Silvestri,"Laura Bailey, Troy Baker, Eric Bauza",https://m.media-amazon.com/images/M/MV5BMTllMmI0NWMtYzI1Zi00YTIzLTk5MDUtNmRmN2VhZDhiMWMxXkEyXkFqcGc@._V1_SX300.jpg,6.1,"1,101",tt5371572,"The Avengers are forced to ""party"" with Ultron when he seeks to disassemble the team by taking control of Iron Man's armor and enact a nefarious scheme to take over the world.",movie,2026-03-12T07:04:24.962843
Needle Drop Inception,2016,"Short, Drama",Patrick Barbeau,"Christopher Tyson, Paul Burke, Ksenia Thurgood, Satine Scarlett Montaz",https://m.media-amazon.com/images/M/MV5BNzJkYmU4MzUtN2ZhOS00MWYzLWI4YTUtNTQ3MWJkZGQ4ZTliXkEyXkFqcGdeQXVyMTIxMzc3MDQ@._V1_SX300.jpg,N/A,N/A,tt4650070,"One night Scott Rydell falls for a beautiful young woman, who would introduce him to the powerful drug known as "" THE DRAGON "". Unbeknownst to Scott, this would unleash the beginning of his...",movie,2026-03-12T07:04:25.193970
Kenobi: A Star Wars Fan Film,2019,"Short, Action, Adventure",Jason Satterlund,"Jamie Costa, Tommy Snider, Maxine Phoenix",https://m.media-amazon.com/images/M/MV5BMWQzMzE1YzAtMzA5MS00MzBlLWI0NDItMzRiMjg0MTcyMTU4XkEyXkFqcGc@._V1_SX300.jpg,7.0,"36,158",tt11502498,"After years in hiding, Obi-Wan Kenobi struggles to reconnect with the Force in order to protect Luke Skywalker from Imperial forces.",movie,2026-03-12T07:04:25.431606
The Rocky Horror Picture Show: Let's Do the Time Warp Again,2016,"Comedy, Horror, Musical",Kenny Ortega,"Ivy Levan, Victoria Justice, Staz Nair",https://m.media-amazon.com/images/M/MV5BN2FjZDExZDgtZTE2NS00MTU0LWEzNTAtMGZiZDZjYmE0NjYyXkEyXkFqcGc@._V1_SX300.jpg,4.2,"8,040",tt1267299,"A straitlaced, square couple, seeking shelter from a storm, find themselves in the castle of a transgender alien mad scientist intent on creating a buff bodybuilder.",movie,2026-03-12T07:04:25.692836
Ultimate Avengers: The Movie,2006,"Animation, Action, Adventure, Sci-Fi","Curt Geda, Steven E. Gordon, Bob Richardson","Justin Gross, Grey Griffin, Michael Massee, Marc Worden",https://m.media-amazon.com/images/M/MV5BMTYyMjk0NTMwMl5BMl5BanBnXkFtZTgwNzY0NjAwNzE@._V1_SX300.jpg,6.7,"12,075",tt0491703,"To confront an alien menace, General Fury assembles a team of superheroes lead by a recently resuscitated Captain America.",movie,2026-03-12T07:04:25.951832
Avengers of Justice: Farce Wars,2018,"Action, Comedy, Family",Jarret Tarnol,"Amy Smart, Shawn Michaels, Stephen Rannazzisi",https://m.media-amazon.com/images/M/MV5BYWZmMjllNGYtYjYyMC00Y2VjLTkyYzgtMmQ1NGNkNmIxNGU3XkEyXkFqcGc@._V1_SX300.jpg,2.4,784,tt6172666,"While trying to remain a good husband and father, Superbat and the Avengers of Justice come out of retirement to stop Dark Jokester and Lisp Luthor from freezing the planet.",movie,2026-03-12T07:04:26.199260
WWA: The Inception,2001,"Action, Sport",N/A,"Bret Hart, Jeff Jarrett, Brian James, David Heath",https://m.media-amazon.com/images/M/MV5BNTEyNGJjMTMtZjZhZC00ODFkLWIyYzktN2JjMTcwMmY5MDJlXkEyXkFqcGdeQXVyNDkwMzY5NjQ@._V1_SX300.jpg,5.9,24,tt0311992,N/A,movie,2026-03-12T07:04:26.443495
Lego Marvel Spider-Man: Vexed by Venom,2019,"Animation, Short, Action","Ken Cunningham, Andrew Duncan","Robbie Daymond, Ben Pronsky, Josh Keaton",https://m.media-amazon.com/images/M/MV5BYjNkZjA1NjQtZTY0Yi00OGM4LWIxOTUtMmY4MmFmZGJiNWQ1XkEyXkFqcGc@._V1_SX300.jpg,5.7,570,tt10755644,Spider-Man must stop the Green Goblin and Venom from stealing technology that could ultimately destroy New York City.,movie,2026-03-12T07:04:26.726263
Cirque Inception,2017,"Short, Drama",Joseph Valentino Palau,Helena Chamma Palau,https://m.media-amazon.com/images/M/MV5BYWM5MDU1NDMtY2E5Yy00MmI3LWE1OTgtYjBiZGRkNjlkYTg4XkEyXkFqcGdeQXVyNjgyMzc3OTk@._V1_SX300.jpg,N/A,N/A,tt7500940,N/A,movie,2026-03-12T07:04:26.950394
Star Wars: Episode VII - The Force Awakens,2015,"Action, Adventure, Sci-Fi",J.J. Abrams,"Daisy Ridley, John Boyega, Oscar Isaac",https://m.media-amazon.com/images/M/MV5BOTAzODEzNDAzMl5BMl5BanBnXkFtZTgwMDU1MTgzNzE@._V1_SX300.jpg,7.7,"1,018,738",tt2488496,"As a new threat to the galaxy rises, Rey, a desert scavenger, and Finn, an ex-stormtrooper, must join Han Solo and Chewbacca to search for the one hope of restoring peace.",movie,2026-03-12T07:04:27.166031
Pokémon the Movie: Volcanion and the Mechanical Marvel,2016,"Animation, Action, Adventure",Kunihiko Yuyama,"Tyler Bunch, James Carter Cathcart, Daniel J. Edwards",https://m.media-amazon.com/images/M/MV5BMTk0NzI2Y2YtOGVjYi00YTUwLWEwNmEtODk1YjlhYzQ0ZTY5XkEyXkFqcGc@._V1_SX300.jpg,5.9,"1,877",tt5889204,A mystical Pokémon by the name of Volcanion must accept Ash's help to rescue the Azoth Kingdom.,movie,2026-03-12T07:04:27.428396
Next Avengers: Heroes of Tomorrow,2008,"Animation, Action, Adventure, Family, Fantasy, Horror, Sci-Fi","Jay Oliva, Gary Hartle","Noah Crawford, Brenna O'Brien, Aidan Drummond, Dempsey Pappion",https://m.media-amazon.com/images/M/MV5BMTQ3NjExNjY4N15BMl5BanBnXkFtZTcwNTczODkwNQ@@._V1_SX300.jpg,6.3,"4,657",tt1259998,The children of the Avengers hone their powers and go head to head with the very enemy responsible for their parents' demise.,movie,2026-03-12T07:04:27.698534
Avengers: Infinity War,2018,"Action, Adventure, Sci-Fi","Anthony Russo, Joe Russo","Robert Downey Jr., Chris Hemsworth, Mark Ruffalo",https://m.media-amazon.com/images/M/MV5BMjMxNjY2MDU1OV5BMl5BanBnXkFtZTgwNzY1MTUwNTM@._V1_SX300.jpg,8.4,"1,353,948",tt4154756,The Avengers and their allies must be willing to sacrifice all in an attempt to defeat the powerful Thanos before his blitz of devastation and ruin puts an end to the universe.,movie,2026-03-12T07:04:27.957224
Empire of Dreams: The Story of the 'Star Wars' Trilogy,2004,"Documentary, History, Sci-Fi","Edith Becker, Kevin Burns","Robert Clotworthy, Walter Cronkite, George Lucas, Steven Spielberg",https://m.media-amazon.com/images/M/MV5BNTk1YjE1ZmYtZjY1MS00M2NlLTk0MjUtYjQ1MDBjYmZhNzQwXkEyXkFqcGdeQXVyNTAyODkwOQ@@._V1_SX300.jpg,8.3,"4,388",tt0416716,"An in-depth making of documentary about the original Star Wars trilogy, covering the productions of the three films and their impact on popular culture.",movie,2026-03-12T07:04:28.182926
Blue Collar Comedy Tour: The Movie,2003,"Comedy, Documentary",C.B. Harding,"Jeff Foxworthy, Bill Engvall, Ron White",https://m.media-amazon.com/images/M/MV5BZjdlYzc1M2EtNzljZi00MTRlLWI4MjAtODg2ZjJmNWE5MjU5XkEyXkFqcGc@._V1_SX300.jpg,7.1,"4,786",tt0330069,The comedic stylings of four sort-of famous funnymen are brought to the big screen courtesy of this 2002 documentary.,movie,2026-03-12T07:04:28.426946
#Horror,2015,"Crime, Drama, Horror",Tara Subkoff,"Sadie Seelert, Haley Murphy, Bridget McGarry",https://m.media-amazon.com/images/M/MV5BMjM5ODg2NjU2Nl5BMl5BanBnXkFtZTgwMTY0NTIwMDI@._V1_SX300.jpg,3.1,"4,062",tt3526286,Six preadolescent girls face a night of terror when the compulsive addiction of an online social media game turns a moment of cyber bullying into a night of insanity.,movie,2026-03-12T07:04:28.668008
The Rocky Horror Picture Show,1975,"Comedy, Horror, Musical",Jim Sharman,"Tim Curry, Susan Sarandon, Barry Bostwick",https://m.media-amazon.com/images/M/MV5BOTg2YzY5ZGYtNDk1My00N2Q2LWFhN2YtZWU5YTkzODIyZGRmXkEyXkFqcGc@._V1_SX300.jpg,7.4,"182,388",tt0073629,A rain-soaked couple take refuge in the castle of a transvestite mad scientist from outer space who is about to unveil his greatest creation.,movie,2026-03-12T07:04:28.898040
Inception: 4Movie Premiere Special,2010,Documentary,Steve Kemsley,Rick Edwards,N/A,7.9,40,tt1686778,N/A,movie,2026-03-12T07:04:29.105395
Inception of Chaos,2012,"Short, Drama, Sci-Fi",Chad Ream,"Peter Benjamin, Matthew Bradley, Robert Davidson",N/A,N/A,N/A,tt2762020,Even Chaos has a beginning.,movie,2026-03-12T07:04:29.347851
Comedy Couple,2020,"Comedy, Romance",Nachiket Samant,"Saqib Saleem, Shweta Basu Prasad, Pooja Bedi",https://m.media-amazon.com/images/M/MV5BMWE3ZmI5YmMtNjVhMC00MTk3LThiY2UtZTNjMTRmN2UxMDQ0XkEyXkFqcGc@._V1_SX300.jpg,7.3,"3,615",tt12758600,A story about two comedian couples and the up and downs between their parternship.,movie,2026-03-12T07:04:29.612257
Decorating Disney: Holiday Magic,2017,Reality-TV,N/A,"Whoopi Goldberg, Paul-Dean Martin",https://m.media-amazon.com/images/M/MV5BYTgxZDEzZTktMmViYy00ODJhLTliZmItMDRkMGI5NTNkNTdiXkEyXkFqcGc@._V1_SX300.jpg,6.7,191,tt7775248,How does the most magical place on earth become the merriest place on earth? Whoopi Goldberg reveals Disney's holiday secrets.,movie,2026-03-12T07:04:29.875930
Louis C.K.: Live at the Comedy Store,2015,Comedy,Louis C.K.,"Louis C.K., Jay London",https://m.media-amazon.com/images/M/MV5BYTZhYjRlMDktMGQ5OC00ZTAzLWI2YjUtMTU1NTFmNDRmOWRjXkEyXkFqcGc@._V1_SX300.jpg,7.8,"7,203",tt4368814,Comedian Louis C.K. performs live at the Comedy store in LA.,movie,2026-03-12T07:04:30.107114
Horror in the High Desert,2021,"Horror, Thriller",Dutch Marich,"Suziey Block, Eric Mencis, David Morales",https://m.media-amazon.com/images/M/MV5BZGIxYTE2MjgtZTAwZC00OTllLThkYTEtMDAwYzE5Njk3NDAyXkEyXkFqcGc@._V1_SX300.jpg,5.4,"4,730",tt13964404,"In July 2017, an outdoor enthusiast went missing in northern Nevada. He was never located. Friends and loved ones recall the events and, for the first time, talk about the horrific conclusion to his fate.",movie,2026-03-12T07:04:30.374034
Star Wars: Episode II - Attack of the Clones,2002,"Action, Adventure, Fantasy",George Lucas,"Hayden Christensen, Natalie Portman, Ewan McGregor",https://m.media-amazon.com/images/M/MV5BNTgxMjY2YzUtZmVmNC00YjAwLWJlODMtNDBhNzllNzIzMjgxXkEyXkFqcGc@._V1_SX300.jpg,6.6,"815,170",tt0121765,"Ten years after initially meeting, Anakin Skywalker shares a forbidden romance with Padmé Amidala, while Obi-Wan Kenobi discovers a secret clone army crafted for the Jedi.",movie,2026-03-12T07:04:30.610055
Marvel 75 Years: From Pulp to Pop!,2014,"Documentary, History",Zak Knutson,"Axel Alonso, Hayley Atwell, Brian Michael Bendis",https://m.media-amazon.com/images/M/MV5BMTQ4MjE1NTk3NF5BMl5BanBnXkFtZTgwMTk4Mjg2NDE@._V1_SX300.jpg,6.9,"1,330",tt4128102,Emily Vancamp hosts this one of a kind experience showing the history and development of Marvel from the first comic book to the latest blockbuster hit.,movie,2026-03-12T07:04:30.873968
LEGO Marvel Super Heroes: Black Panther - Trouble in Wakanda,2018,"Animation, Short, Action",Michael D. Black,"James Mathis III, Keston John, Yvette Nicole Brown",https://m.media-amazon.com/images/M/MV5BMjAwYjE5MGQtNjlhMC00YWJjLTk0ZDktMGUxN2QzMzU1NDc5XkEyXkFqcGc@._V1_SX300.jpg,5.6,"1,433",tt8205250,"Ulysses Klaue and Eric Killmonger are back to loot Wakanda's Vibrainium mines, this time with the help of the mad titan Thanos. Can Black Panther thwart their evil plot, even with the aid of Earth's Mightiest Heroes?",movie,2026-03-12T07:04:31.149870
Comedy Central Roast of James Franco,2013,Comedy,Joel Gallen,"James Franco, Seth Rogen, Jeffrey Ross",https://m.media-amazon.com/images/M/MV5BM2M0ZjU4OTktYzA2Zi00MmM2LWFkNDUtZDZiYzY4ZDI2ZTQyXkEyXkFqcGdeQXVyNjU0NTI0Nw@@._V1_SX300.jpg,7.7,"4,384",tt3098812,It's James Franco's turn to step in to the celebrity hot seat for the latest installment of The Comedy Central Roast.,movie,2026-03-12T07:04:31.407013
Rogue One: A Star Wars Story,2016,"Action, Adventure, Sci-Fi",Gareth Edwards,"Felicity Jones, Diego Luna, Alan Tudyk",https://m.media-amazon.com/images/M/MV5BMjEwMzMxODIzOV5BMl5BanBnXkFtZTgwNzg3OTAzMDI@._V1_SX300.jpg,7.8,"748,381",tt3748528,"In a time of conflict, a group of unlikely heroes band together on a mission to steal the plans to the Death Star, the Empire's ultimate weapon of destruction.",movie,2026-03-12T07:04:31.660514
Lego Marvel Avengers: Code Red,2023,"Animation, Action, Adventure",Ken Cunningham,"Laura Bailey, Haley Joel Osment, Will Friedle",https://m.media-amazon.com/images/M/MV5BNWI2NWRjYzAtMGI4OS00NzgzLTk2MWEtNGI1ODI0ZWYzNjJjXkEyXkFqcGc@._V1_SX300.jpg,5.5,"1,189",tt28477867,The Avengers meet a dangerous new foe quite unlike anything they've ever encountered before.,movie,2026-03-12T07:04:31.929524
Fraud in the Inception: Who killed Robert Hamlin and Dorothy Grega,2013,Drama,Janet Christensen-Obrien,"Sky Anderson, Janet Christensen-Obrien, Avis Hamlin",https://m.media-amazon.com/images/M/MV5BNTBkNjliZjktOTI0ZS00ZWYzLWIwOTAtN2U0YjdiNmEwNjcyXkEyXkFqcGdeQXVyMTM2Mjg2MTM@._V1_SX300.jpg,N/A,N/A,tt2278951,This is a story about guardianship conversation and Internet dating and the issues that people bring up when they are trying to make conversation and get to know each other. One woman has the topic of one of her private detective ...,movie,2026-03-12T07:04:32.182158
Inception: The Cobol Job,2010,"Animation, Short, Sci-Fi",Ian Kirby,"Leonardo DiCaprio, Joseph Gordon-Levitt, Lukas Haas",https://m.media-amazon.com/images/M/MV5BMjE0NGIwM2EtZjQxZi00ZTE5LWExN2MtNDBlMjY1ZmZkYjU3XkEyXkFqcGdeQXVyNjMwNzk3Mjk@._V1_SX300.jpg,7.8,"2,160",tt5295894,"This Inception prequel unfolds courtesy of a beautiful Motion Comic, and explains how Cobb, Arthur and Nash were enlisted by Cobol Engineering. Diehard fans of the film will be especially interested in this one.",movie,2026-03-12T07:04:32.456865
The Batman,2022,"Action, Crime, Drama",Matt Reeves,"Robert Pattinson, Zoë Kravitz, Jeffrey Wright",https://m.media-amazon.com/images/M/MV5BMmU5NGJlMzAtMGNmOC00YjJjLTgyMzUtNjAyYmE4Njg5YWMyXkEyXkFqcGc@._V1_SX300.jpg,7.8,"917,588",tt1877830,"When a sadistic serial killer begins murdering key political figures in Gotham, the Batman is forced to investigate the city's hidden corruption and question his family's involvement.",movie,2026-03-12T07:04:32.820647
A Midsummer Night's Sex Comedy,1982,Comedy,Woody Allen,"Woody Allen, Mia Farrow, José Ferrer",https://m.media-amazon.com/images/M/MV5BOTMxMTM0MTk3Nl5BMl5BanBnXkFtZTcwOTEyODI1NA@@._V1_SX300.jpg,6.6,"21,165",tt0084329,"In the early 20th century, wacky inventor Andrew Hobbs and his wife Adrian invite two other couples for a weekend party at their romantic summer house in the countryside in this paean to Ingmar Bergman's Smiles of a Summer Night.",movie,2026-03-12T07:04:33.094929
A Disney Holiday Short: The Boy & the Octopus,2024,"Short, Adventure, Family",Taika Waititi,"Solomon Bravery Horta, Solaya Sang, Samuel Fernandez",https://m.media-amazon.com/images/M/MV5BZWNhZWY3MzYtNjcxNy00OGYwLWI2NzctNjg4ZDY4N2NlMDNkXkEyXkFqcGc@._V1_SX300.jpg,6.5,512,tt34572436,"Follows the journey of a child who discovers a curious octopus has attached to his head during a seaside vacation. After returning home, the boy forms a true friendship with the octopus by introducing his new companion to his life...",movie,2026-03-12T07:04:33.342792
Madness Inception,2022,Action,N/A,"Gal Gado, Steve Seaga",N/A,N/A,53,tt29258696,N/A,movie,2026-03-12T07:04:33.560678
Lang Lang Plays Disney,2023,"Documentary, Music",Oliver Murray,"Alfie Boe, Andre De Ridder, Plínio Fernandes",https://m.media-amazon.com/images/M/MV5BZWMzZGM3MjMtNGZkOC00NjkzLThjOWItNmUxMTdhMTFmYWI4XkEyXkFqcGc@._V1_SX300.jpg,N/A,193,tt28171993,"An unrivalled musical and visual treat that showcases unique arrangements of Disney's most popular songs and gives insight into the life of world-renowned pianist Lang Lang. Through performance and documentary segments, the film o...",movie,2026-03-12T07:04:33.798158
One Day at Disney,2019,Documentary,Fritz Mitchell,"Sterling K. Brown, Eric Baker, Ashley Girdich",https://m.media-amazon.com/images/M/MV5BZmU2MzBjZWEtZmE0Mi00OTc0LTk0ZDQtZTQzMDNmYTA1YjUzXkEyXkFqcGc@._V1_SX300.jpg,7.0,537,tt11550148,An inside look at some of the people working across Disney to make the magic happen.,movie,2026-03-12T07:04:34.026312
Comedy Central Roast of Charlie Sheen,2011,"Documentary, Comedy",Joel Gallen,"Charlie Sheen, Seth MacFarlane, Kate Walsh",https://m.media-amazon.com/images/M/MV5BYmI3ZGQzMTEtZjg3Zi00MmNlLWI3MTgtNDdkMDAxODFmOTQxXkEyXkFqcGdeQXVyNDgyODgxNjE@._V1_SX300.jpg,7.7,"5,500",tt1985970,It's Charlie Sheen's turn to step in to the celebrity hot seat for the latest installment of The Comedy Central Roast.,movie,2026-03-12T07:04:34.277678
Marvel One-Shot: The Consultant,2011,"Short, Sci-Fi",Leythum,"Clark Gregg, Maximiliano Hernández, Deborah Knox",https://m.media-amazon.com/images/M/MV5BNGE4YjU5MDAtYzYzMC00M2RlLTk0NDgtNDU1MjgyMGI0MjI3XkEyXkFqcGdeQXVyNTE1NjY5Mg@@._V1_SX300.jpg,6.6,"5,999",tt2011118,"Agents Coulson and Sitwell plan to derail General Thaddeus ""Thunderbolt"" Ross from interfering with S.H.I.E.L.D. affairs with a very special person.",movie,2026-03-12T07:04:34.510783
House III: The Horror Show,1989,Horror,"James Isaac, David Blyth","Lance Henriksen, Brion James, Rita Taggart",https://m.media-amazon.com/images/M/MV5BODkxNWI2NWItMmU5MS00OWViLThhN2YtNDg1YTg4MzgyODQxXkEyXkFqcGc@._V1_SX300.jpg,5.1,"5,065",tt0097527,"Detective McCarthy finally catches ""Meat Cleaver Max"", a serial killer, who promises revenge during his execution. Nonetheless, a parapsychologist tells the detective that the only hope of stopping Max for good is to destroy his s...",movie,2026-03-12T07:04:34.763942
Robot Chicken: Star Wars,2007,"Animation, Short, Action",Seth Green,"Seth Green, Candace Bailey, Abraham Benrubi",https://m.media-amazon.com/images/M/MV5BMTcyZWQyZTAtYmUxZS00YjFmLTg1M2ItYjY3OTE1Yjg5NjEzXkEyXkFqcGc@._V1_SX300.jpg,8.0,"8,687",tt1020990,The first of three Star Wars themed Robot Chicken parodies.,movie,2026-03-12T07:04:34.974269
The Lego Star Wars Holiday Special,2020,"Animation, Action, Adventure",Ken Cunningham,"A.J. LoCascio, Anthony Daniels, Ben Prendergast",https://m.media-amazon.com/images/M/MV5BYzQ2NTRhZGItN2MxMC00N2UzLTk2YTMtYWI5NmU4OTVkNTc2XkEyXkFqcGc@._V1_SX300.jpg,6.4,"8,371",tt12885438,"Rey leaves her friends to prepare for Life Day as she sets off on an adventure to gain a deeper knowledge of the Force. At a mysterious temple, she is hurled into a cross-timeline adventure. Will she make it back in time for Life ...",movie,2026-03-12T07:04:35.225160
Marvel Super Hero Adventures: Frost Fight!,2015,"Animation, Action, Adventure, Family, Fantasy, Sci-Fi","Eric Radomski, Mitch Schauer","Mick Wingert, Matthew Mercer, Travis Willingham, Fred Tatasciore",https://m.media-amazon.com/images/M/MV5BMTg0MzgyMzM2MV5BMl5BanBnXkFtZTgwMDI2MTU1NzE@._V1_SX300.jpg,5.2,727,tt5272052,The Marvel Heroes unite to try and stop Loki and the frost giant Ymir from conquering the world as the duo try to steal Santa's powers to do so.,movie,2026-03-12T07:04:35.456166
Avengers Grimm: Time Wars,2018,"Action, Adventure, Fantasy",Maximilian Elfeldt,"Lauren Parkinson, Elizabeth Eileen, Marah Fairclough, Christina Licciardi",https://m.media-amazon.com/images/M/MV5BMDQwYTMwODItNWQ5Zi00ZTkyLWEzMDctOGM0NGVlOTg3MGRlXkEyXkFqcGdeQXVyMjM0ODM1NTE@._V1_SX300.jpg,2.5,476,tt8159584,"When Rumpelstiltskin tries to take over Earth once and for all, The Avengers Grimm must track him down through time in order to defeat him.",movie,2026-03-12T07:04:35.688185
The King of Comedy,1982,"Comedy, Crime, Drama",Martin Scorsese,"Robert De Niro, Jerry Lewis, Diahnne Abbott",https://m.media-amazon.com/images/M/MV5BYTQxNGUwNmUtMDJhYy00ZjM1LWFjZjQtYmI5ZGY4YTZmZWQyXkEyXkFqcGc@._V1_SX300.jpg,7.8,"131,528",tt0085794,"Rupert is an aspiring stand-up comedian, who is willing to go the extra mile in his attempt to appear in the late night show hosted by his idol.",movie,2026-03-12T07:04:35.924853
Marvel Studios' Captain Marvel LIVE Red Carpet World Premiere,2019,Reality-TV,Bill Chapman,"Kerem Bürsin, Brie Larson, Kevin Feige",https://m.media-amazon.com/images/M/MV5BMjgzYjU2MDMtZWNjZC00MTM5LTk1ZWYtYzQxZjQ0YjI4OGFkXkEyXkFqcGc@._V1_SX300.jpg,6.2,"3,049",tt9908924,"Higher, Further, Faster, Live from the Red Carpet in Hollywood. See exclusive interviews with celebrities and the stars of the Marvel Studios film Captain Marvel at the biggest premiere of the year and the next chapter of the Marv...",movie,2026-03-12T07:04:36.186829
Marvel One-Shot: A Funny Thing Happened on the Way to Thor's Hammer,2011,"Short, Action, Sci-Fi",Leythum,"Clark Gregg, Jessica Manuel, Jeff Prewett, Zach Hudson",https://m.media-amazon.com/images/M/MV5BYmVlYTg3N2QtMWM2OS00YWQyLWI2M2MtMDc0ZjBkZjk1MTY3XkEyXkFqcGdeQXVyNTE1NjY5Mg@@._V1_SX300.jpg,7.3,"6,708",tt2011109,Agent Coulson stops at a convenience store and deals with a coincidental robbery during his visit.,movie,2026-03-12T07:04:36.425281
Solo: A Star Wars Story,2018,"Action, Adventure, Sci-Fi",Ron Howard,"Alden Ehrenreich, Woody Harrelson, Emilia Clarke",https://m.media-amazon.com/images/M/MV5BOTM2NTI3NTc3Nl5BMl5BanBnXkFtZTgwNzM1OTQyNTM@._V1_SX300.jpg,6.9,"406,107",tt3778644,"During an adventure in the criminal underworld, Han Solo meets his future co-pilot Chewbacca and Lando Calrissian years before joining the Rebel Alliance.",movie,2026-03-12T07:04:36.649549
Disney Sing-Along-Songs: Disneyland Fun,1990,"Animation, Short, Adventure, Comedy, Family, Music",Michael Dimich,"Thurl Ravenscroft, Michelle Zeller",https://m.media-amazon.com/images/M/MV5BMTM1NDQ5MDk3NF5BMl5BanBnXkFtZTcwNzk2MjAzMQ@@._V1_SX300.jpg,8.1,242,tt0284050,"Get ready for a fun and music filled day with everyone's favorite Disney characters at the happiest place on earth, Disneyland!",movie,2026-03-12T07:04:36.912517
Star Wars: Episode VI - Return of the Jedi,1983,"Action, Adventure, Fantasy",Richard Marquand,"Mark Hamill, Harrison Ford, Carrie Fisher",https://m.media-amazon.com/images/M/MV5BNWEwOTI0MmUtMGNmNy00ODViLTlkZDQtZTg1YmQ3MDgyNTUzXkEyXkFqcGc@._V1_SX300.jpg,8.3,"1,200,333",tt0086190,"After rescuing Han Solo from Jabba the Hutt, the Rebel Alliance attempts to destroy the second Death Star while Luke struggles to help Darth Vader back from the dark side.",movie,2026-03-12T07:04:37.180417
Inception: Jump Right Into the Action,2010,"Documentary, Short",N/A,"Leonardo DiCaprio, Joseph Gordon-Levitt, Christopher Nolan",https://m.media-amazon.com/images/M/MV5BZGFjOTRiYjgtYjEzMS00ZjQ2LTkzY2YtOGQ0NDI2NTVjOGFmXkEyXkFqcGdeQXVyNDQ5MDYzMTk@._V1_SX300.jpg,8.6,905,tt5295990,"Join filmmaker Christopher Nolan and his cast and crew as they reveal the secrets of Inception, its development, characters, performances, story and jaw-dropping special effects in this solid 14-segments piece.",movie,2026-03-12T07:04:39.510442
Son of Batman,2014,"Animation, Action, Adventure",Ethan Spaulding,"Jason O'Mara, Stuart Allan, Thomas Gibson",https://m.media-amazon.com/images/M/MV5BZTVhZGUxMmEtNDdlMi00MTA5LTgxNjctNGJmNDBmYTQ5YTIyXkEyXkFqcGc@._V1_SX300.jpg,6.7,"32,998",tt3139072,"Batman learns he has a violent, unruly pre-teen son, secretly raised by the terrorist group the League of Assassins.",movie,2026-03-12T07:04:39.722240
Batman Begins,2005,"Action, Crime, Drama",Christopher Nolan,"Christian Bale, Michael Caine, Ken Watanabe",https://m.media-amazon.com/images/M/MV5BMzA2NDQzZDEtNDU5Ni00YTlkLTg2OWEtYmQwM2Y1YTBjMjFjXkEyXkFqcGc@._V1_SX300.jpg,8.2,"1,700,042",tt0372784,"After witnessing his parents' death, billionaire Bruce Wayne learns the art of fighting to confront injustice. When he returns to Gotham as Batman, he must stop a secret society that intends to destroy the city.",movie,2026-03-12T07:04:39.961652
Comedy Central Roast of Pamela Anderson,2005,"Documentary, Comedy",Joel Gallen,"Pamela Anderson, Jimmy Kimmel, Tommy Lee",https://m.media-amazon.com/images/M/MV5BMTI0MTc4MDgyM15BMl5BanBnXkFtZTcwODYxMTIzMQ@@._V1_SX300.jpg,7.1,"2,688",tt0474603,Comedy Central's best roasters and stand up comedians take a whack at actor/model Pamela Anderson.,movie,2026-03-12T07:04:40.224712
The Most Magical Story on Earth: 50 Years of Walt Disney World,2021,"Documentary, Music, Musical","Dave Hoffman, James B. Merryman","Whoopi Goldberg, Christina Aguilera, Chris Connelly",https://m.media-amazon.com/images/M/MV5BODZiZjRlZTItY2E3Yy00MTY1LTgyNjAtZTQ5NTA2ODlmZjA4XkEyXkFqcGc@._V1_SX300.jpg,N/A,184,tt15534640,"Whoopi Goldberg hosts a historical journey spanning half a century and beyond at Walt Disney World, featuring spectacular visuals, musical performances, and interviews.",movie,2026-03-12T07:04:40.446524
The Avengers,2012,"Action, Sci-Fi",Joss Whedon,"Robert Downey Jr., Chris Evans, Scarlett Johansson",https://m.media-amazon.com/images/M/MV5BNGE0YTVjNzUtNzJjOS00NGNlLTgxMzctZTY4YTE1Y2Y1ZTU4XkEyXkFqcGc@._V1_SX300.jpg,8.0,"1,547,278",tt0848228,Earth's mightiest heroes must come together and learn to fight as a team if they are going to stop the mischievous Loki and his alien army from enslaving humanity.,movie,2026-03-12T07:04:40.681094
"I Killed My Lesbian Wife, Hung Her on a Meathook, and Now I Have a Three Picture Deal at Disney",1993,"Short, Comedy, Horror",Ben Affleck,"Jay Lacopo, Karla Montana, Johanna McCloy",https://m.media-amazon.com/images/M/MV5BODM3MzE1ZTEtM2IzNC00MTE0LTg2NjgtZWU5MjYxNTQwYjVhXkEyXkFqcGc@._V1_SX300.jpg,4.1,833,tt0166222,"A first-time feature-film director (who's also the writer and producer) is casting the lead actress. We meet him talking to his wife about the picture and the process. We meet the actress, Sandy, negotiating with her roommate and ...",movie,2026-03-12T07:04:40.900576
Marvel Rising: Secret Warriors,2018,"Animation, Action, Comedy",Alfred Gimeno,"Dee Bradley Baker, Chloe Bennet, Kathreen Khavari",https://m.media-amazon.com/images/M/MV5BMGFhZGQ0ZmItMGY1Yy00NjY1LTlmYzItODhhMWQ3OWFlZWViXkEyXkFqcGc@._V1_SX300.jpg,5.5,"1,624",tt7728344,"Teen superheroes Ms Marvel, Squirrel Girl, Quake, Patriot, America Chavez and Inferno unite to take down a threat approaching the universe.",movie,2026-03-12T07:04:41.132814
Star Wars: The Clone Wars,2008,"Animation, Action, Adventure",Dave Filoni,"Matt Lanter, Nika Futterman, Tom Kane",https://m.media-amazon.com/images/M/MV5BYjExN2YwZmYtODlkNy00MTMzLWIwOTMtNDZlYWEzNjMxODBmXkEyXkFqcGc@._V1_SX300.jpg,6.0,"80,394",tt1185834,"As the Clone Wars sweep the galaxy, Anakin Skywalker and his new Padawan, Ahsoka Tano, embark on a mission to rescue the kidnapped son of Jabba the Hutt. However, the renegade Count Dooku is determined to ensure that they fail.",movie,2026-03-12T07:04:41.352351
Marvel Studios: Expanding the Universe,2019,"Documentary, Short",N/A,"Stephen Broussard, Kevin Feige, Mary Livanos",https://m.media-amazon.com/images/M/MV5BODk4YjIxYmMtYzIxYy00OTkzLTg4ZTEtZmVkOGVkZmE2ODE5XkEyXkFqcGc@._V1_SX300.jpg,6.5,581,tt11295300,"An exciting look into the future of Marvel Studios, including never-before-seen footage featuring tales and filmmakers from upcoming Disney+ series.",movie,2026-03-12T07:04:41.570170
Batman: Under the Red Hood,2010,"Animation, Action, Crime, Drama, Mystery, Sci-Fi, Thriller",Brandon Vietti,"Bruce Greenwood, Jensen Ackles, John DiMaggio, Neil Patrick Harris",https://m.media-amazon.com/images/M/MV5BNmY4ZDZjY2UtOWFiYy00MjhjLThmMjctOTQ2NjYxZGRjYmNlL2ltYWdlL2ltYWdlXkEyXkFqcGdeQXVyNTAyODkwOQ@@._V1_SX300.jpg,8.1,"56,401",tt1569923,"There's a mystery afoot in Gotham City, and Batman must go toe-to-toe with a mysterious vigilante, who goes by the name of Red Hood. Subsequently, old wounds reopen and old, once buried memories come into the light.",movie,2026-03-12T07:04:41.837549
Disney Princess Enchanted Tales: Follow Your Dreams,2007,"Animation, Family, Fantasy, Musical",David Block,"Susanne Blakeslee, Erin Torpey, Corey Burton, Barbara Dirickson",https://m.media-amazon.com/images/M/MV5BNDRlMWI1NTYtNDA0ZS00ZDcyLTg5NDQtOTQ4NTE5NjAxNzg1XkEyXkFqcGdeQXVyNDgyODgxNjE@._V1_SX300.jpg,5.2,355,tt1135924,Princess Aurora and Princess Jasmine learn valuable life lessons in two short stories.,movie,2026-03-12T07:04:42.077305
LEGO Disney Princess: The Castle Quest,2023,"Animation, Adventure, Comedy",Michael D. Black,"Jodi Benson, Jeff Bennett, Corey Burton",https://m.media-amazon.com/images/M/MV5BMWI0MWVjYjUtODE1OC00MmI0LTkxZjktNDc4MzRkMzg0ODU3XkEyXkFqcGc@._V1_SX300.jpg,5.8,683,tt28477869,"Tiana, Moana, Snow White, Rapunzel, and Ariel are each unexpectedly transported to a mysterious castle, where they discover that Gaston has hatched a plan to take over their kingdoms and must work together to save them.",movie,2026-03-12T07:04:42.302359
Alien Avengers,1996,"Comedy, Sci-Fi",Lev L. Spiro,"George Wendt, Shanna Reed, Christopher M. Brown",https://m.media-amazon.com/images/M/MV5BMjA1OTYyMTgzOV5BMl5BanBnXkFtZTcwMTgxNTEzMQ@@._V1_SX300.jpg,5.6,437,tt0115503,"Charlie and Rhonda are a sweet and comfortable married couple on vacation with their lovely daughter Daphne. They find a rundown boarding house and its haggard owner, Joseph, an ex-con whose mother has just died and left him the h...",movie,2026-03-12T07:04:42.567472
Star Wars: Episode III - Revenge of the Sith,2005,"Action, Adventure, Fantasy",George Lucas,"Hayden Christensen, Natalie Portman, Ewan McGregor",https://m.media-amazon.com/images/M/MV5BNTc4MTc3NTQ5OF5BMl5BanBnXkFtZTcwOTg0NjI4NA@@._V1_SX300.jpg,7.7,"912,634",tt0121766,"As the Clone Wars nears its end, Obi-Wan Kenobi pursues a new threat, while Anakin Skywalker is lured by Chancellor Palpatine into a sinister plot for galactic domination.",movie,2026-03-12T07:04:42.819336
Marvel Studios: Assembling a Universe,2014,"Documentary, History",N/A,"Axel Alonso, Victoria Alonso, Hayley Atwell",https://m.media-amazon.com/images/M/MV5BOWEzNGFjNjYtZGQ4Mi00ODEyLTlkZDYtZjFhMjZjZTdiNWZiXkEyXkFqcGc@._V1_SX300.jpg,7.2,"1,889",tt3591568,"A look at the story behind Marvel Studios and the Marvel Cinematic Universe, featuring interviews and behind-the-scenes footage from all of the Marvel films, the Marvel One-Shots and ""Marvel's Agents of S.H.I.E.L.D.""",movie,2026-03-12T07:04:43.098554
Cyberalien: Inception,2017,"Short, Sci-Fi",Viktor Acidhouse,Viktor Acidhouse,N/A,1.0,24,tt7926130,N/A,movie,2026-03-12T07:04:43.305311
Bikini Inception,2015,Comedy,John Sjogren,"Paizley Bishop, Byamba, Taylor Conzelman",https://m.media-amazon.com/images/M/MV5BMWFhNWE4ZGEtYjkyNC00ODE0LTk4ZjQtNDU4NzU4NzEyNTZlXkEyXkFqcGc@._V1_SX300.jpg,5.6,23,tt8269586,Two Arctic Lab janitors perform unauthorized experiments transporting them to Malibu California with beautiful girls and a Brazilian PhD Student.,movie,2026-03-12T07:04:43.568938
Fear City: A Family-Style Comedy,1994,"Comedy, Horror",Alain Berbérian,"Chantal Lauby, Alain Chabat, Dominique Farrugia",https://m.media-amazon.com/images/M/MV5BMGU1NDhjYzMtZDhhYS00YTJlLTllNDEtY2U2NmJhMTVlMzViXkEyXkFqcGc@._V1_SX300.jpg,7.5,"11,108",tt0109440,"A second-class horror movie has to be shown at Cannes Film Festival, but, before each screening, the projectionist is killed by a mysterious fellow, with hammer and sickle, just as it happens in the film to be shown.",movie,2026-03-12T07:04:43.827777
Inception,2014,"Short, Drama, Mystery",Danial Hajibarat,"Erfan Refahatnia, Danial Hajibarat, Shahrzad Nouri",https://m.media-amazon.com/images/M/MV5BOTY3OGFlNTktYTJiZi00ZWMxLTk4MjQtNmJiODkxYThiNjg4XkEyXkFqcGc@._V1_SX300.jpg,8.9,187,tt7321322,"Young man (Erfan) wants to do something important,It has a lot of risk for him But he must make a decision,Though everyone around them opposes doing so,The boy decides that.",movie,2026-03-12T07:04:44.105409
Captain Marvel,2019,"Action, Adventure, Sci-Fi","Anna Boden, Ryan Fleck","Brie Larson, Samuel L. Jackson, Ben Mendelsohn",https://m.media-amazon.com/images/M/MV5BZDI1NGU2ODAtNzBiNy00MWY5LWIyMGEtZjUxZjUwZmZiNjBlXkEyXkFqcGc@._V1_SX300.jpg,6.7,"653,683",tt4154664,Carol Danvers becomes one of the universe's most powerful heroes when Earth is caught in the middle of a galactic war between two alien races.,movie,2026-03-12T07:04:44.350872
Marvel Rising: Heart of Iron,2019,"Animation, Short, Action","Sol Choi, Alfred Gimeno","Dee Bradley Baker, Chloe Bennet, Dove Cameron",https://m.media-amazon.com/images/M/MV5BODIxZmExNDEtMDk1ZC00MjJhLTg0ZjItMWU4NGQ3MmEyNGUzXkEyXkFqcGdeQXVyODc5MDgxNzE@._V1_SX300.jpg,4.7,"1,259",tt9073746,"Riri Williams feels socially isolated because she is young for a college student. Hala the Accuser destroys the school's engineering lab and kidnaps Riri's best friend. inspired by Iron Man, Riri hatches a plan to save the day.",movie,2026-03-12T07:04:44.588286
